,count,mean,std,min,5%,50%,95%,max
"mycorr(signal,label)",5004.0,0.004599573001957703,0.5915373890231261,-1.0,-0.9047225679158754,0.006543000382142325,0.91656579604513,1.0
